{
	"tags": null,
	"position": [
		-581.0325927734375,
		572.0641479492188,
		-507.3541564941406
	],
	"rotation": [
		0,
		0,
		0
	],
	"rotationQuaternion": [
		-0.6905619502067566,
		0.1520664244890213,
		0.15206637978553772,
		0.6905619502067566
	],
	"scaling": [
		148.57769775390625,
		54.9991340637207,
		126.34058380126953
	],
	"billboardMode": 0,
	"scalingDeterminant": 1,
	"infiniteDistance": false,
	"ignoreNonUniformScaling": false,
	"reIntegrateRotationIntoRotationQuaternion": false,
	"name": "Cube.005",
	"id": "6470de6b-fb5b-41a7-a736-ccaf2739dc4a",
	"state": "",
	"metadata": {
		"gltf": {
			"pointers": [
				"/nodes/12"
			]
		}
	},
	"type": "TransformNode",
	"uniqueId": 207,
	"parentId": "ffc71b03-a323-4005-945f-32ada5e22ce8",
	"localMatrix": {
		"0": 1,
		"1": 0,
		"2": 0,
		"3": 0,
		"4": 0,
		"5": 1,
		"6": 0,
		"7": 0,
		"8": 0,
		"9": 0,
		"10": 1,
		"11": 0,
		"12": 0,
		"13": 0,
		"14": 0,
		"15": 1
	},
	"isEnabled": true
}