{
	"materials": [],
	"meshes": [
		{
			"name": "Cube.004_keyboard_0",
			"id": "66768f13-22f5-4240-91b3-f6041ab5fb81",
			"uniqueId": 203,
			"type": "Mesh",
			"position": [
				0,
				0,
				0
			],
			"rotationQuaternion": [
				0,
				0,
				0,
				1
			],
			"scaling": [
				1,
				1,
				1
			],
			"localMatrix": {
				"0": 1,
				"1": 0,
				"2": 0,
				"3": 0,
				"4": 0,
				"5": 1,
				"6": 0,
				"7": 0,
				"8": 0,
				"9": 0,
				"10": 1,
				"11": 0,
				"12": 0,
				"13": 0,
				"14": 0,
				"15": 1
			},
			"isEnabled": true,
			"isVisible": true,
			"infiniteDistance": false,
			"pickable": true,
			"receiveShadows": false,
			"billboardMode": 0,
			"visibility": 1,
			"checkCollisions": false,
			"isBlocker": false,
			"overrideMaterialSideOrientation": 0,
			"parentId": "2b800085-f2e8-444b-8346-4b784c7b4154",
			"isUnIndexed": false,
			"geometryId": "a92d5fcc-e355-4dd8-9596-68843b18ae7c",
			"subMeshes": null,
			"materialId": "e5483569-c8a8-48fb-b885-2bf51d444118",
			"metadata": {
				"gltf": {
					"pointers": [
						"/meshes/3/primitives/0",
						"/nodes/9"
					]
				},
				"basePoseMatrix": {
					"0": -1.3411625623703003,
					"1": 0,
					"2": 0,
					"3": 0,
					"4": 0,
					"5": -1.801970910264572e-7,
					"6": 1.3411626815795898,
					"7": 0,
					"8": 0,
					"9": -1.3411626815795898,
					"10": -1.801970910264572e-7,
					"11": 0,
					"12": 6.977339744567871,
					"13": -2.907766580581665,
					"14": -7.765751838684082,
					"15": 1
				},
				"originalSourceFile": {
					"id": "Cube.004_keyboard_0",
					"name": "Cube.004_keyboard_0",
					"sceneFileName": "models/projects/gaming pc.glb"
				},
				"isPickable": true,
				"script": {
					"name": "None"
				},
				"renderingGroupId": 0
			},
			"instances": [],
			"animations": [],
			"ranges": [],
			"layerMask": 268435455,
			"alphaIndex": 1.7976931348623157e+308,
			"hasVertexAlpha": false,
			"overlayAlpha": 0.3,
			"overlayColor": [
				1,
				0,
				0
			],
			"applyFog": true,
			"delayLoadingFile": "geometries/a92d5fcc-e355-4dd8-9596-68843b18ae7c.babylonbinarymeshdata",
			"boundingBoxMaximum": [
				0.7879083752632141,
				-0.5338712930679321,
				-1.6637382507324219
			],
			"boundingBoxMinimum": [
				-0.7879083752632141,
				-6.847503185272217,
				-1.8051000833511353
			],
			"_binaryInfo": {
				"positionsAttrDesc": {
					"count": 72,
					"stride": 3,
					"offset": 0,
					"dataType": 1
				},
				"normalsAttrDesc": {
					"count": 72,
					"stride": 3,
					"offset": 288,
					"dataType": 1
				},
				"uvsAttrDesc": {
					"count": 48,
					"stride": 2,
					"offset": 576,
					"dataType": 1
				},
				"indicesAttrDesc": {
					"count": 36,
					"stride": 1,
					"offset": 768,
					"dataType": 0
				},
				"subMeshesAttrDesc": {
					"count": 1,
					"stride": 5,
					"offset": 912,
					"dataType": 0
				}
			},
			"positions": null,
			"normals": null,
			"uvs": null,
			"hasUVs": true,
			"indices": null
		}
	],
	"multiMaterials": [],
	"lods": []
}