{
	"materials": [],
	"meshes": [
		{
			"name": "linkedin",
			"id": "d2e4814d-800e-4cdb-861e-d473b686c322",
			"uniqueId": 3492,
			"type": "Mesh",
			"position": [
				-2.5788228511810303,
				0.4396752119064331,
				0.6187641620635986
			],
			"rotation": [
				3.6668720008826637e-13,
				8.845213482614457e-14,
				7.951028635488905e-8
			],
			"scaling": [
				0.019999999552965227,
				0.019999999552965227,
				0.019999999552965164
			],
			"localMatrix": {
				"0": 1,
				"1": 0,
				"2": 0,
				"3": 0,
				"4": 0,
				"5": 1,
				"6": 0,
				"7": 0,
				"8": 0,
				"9": 0,
				"10": 1,
				"11": 0,
				"12": 0,
				"13": 0,
				"14": 0,
				"15": 1
			},
			"isEnabled": true,
			"isVisible": true,
			"infiniteDistance": false,
			"pickable": true,
			"receiveShadows": false,
			"billboardMode": 0,
			"visibility": 1,
			"checkCollisions": false,
			"isBlocker": false,
			"overrideMaterialSideOrientation": null,
			"parentId": "047a508c-d533-453d-a8a7-75d058b8abd7",
			"isUnIndexed": false,
			"geometryId": "7b35c55f-b0c1-4793-99a8-3b1f505671d6",
			"subMeshes": null,
			"materialId": "e5483569-c8a8-48fb-b885-2bf51d444118",
			"metadata": {
				"basePoseMatrix": {
					"0": 1,
					"1": 0,
					"2": 0,
					"3": 0,
					"4": 0,
					"5": 1,
					"6": 0,
					"7": 0,
					"8": 0,
					"9": 0,
					"10": 1,
					"11": 0,
					"12": 0,
					"13": 0,
					"14": 0,
					"15": 1
				},
				"originalSourceFile": {
					"id": "stlmesh",
					"name": "stlmesh",
					"sceneFileName": "models/social media/linkedin.stl"
				},
				"isPickable": true,
				"doNotExport": false,
				"script": {
					"name": "None"
				},
				"renderingGroupId": 0
			},
			"instances": [],
			"animations": [],
			"ranges": [],
			"layerMask": 268435455,
			"alphaIndex": 1.7976931348623157e+308,
			"hasVertexAlpha": false,
			"overlayAlpha": 0.3,
			"overlayColor": [
				1,
				0,
				0
			],
			"applyFog": true,
			"delayLoadingFile": "geometries/7b35c55f-b0c1-4793-99a8-3b1f505671d6.babylonbinarymeshdata",
			"boundingBoxMaximum": [
				53.81640625,
				10,
				53.02490234375
			],
			"boundingBoxMinimum": [
				0,
				0,
				0
			],
			"_binaryInfo": {
				"positionsAttrDesc": {
					"count": 11070,
					"stride": 3,
					"offset": 0,
					"dataType": 1
				},
				"normalsAttrDesc": {
					"count": 11070,
					"stride": 3,
					"offset": 44280,
					"dataType": 1
				},
				"indicesAttrDesc": {
					"count": 3690,
					"stride": 1,
					"offset": 88560,
					"dataType": 0
				},
				"subMeshesAttrDesc": {
					"count": 1,
					"stride": 5,
					"offset": 103320,
					"dataType": 0
				}
			},
			"positions": null,
			"normals": null,
			"indices": null
		}
	],
	"multiMaterials": [],
	"lods": []
}