{
	"materials": [],
	"meshes": [
		{
			"name": "road2",
			"id": "3d83861f-fa04-4098-9960-7860939e147d",
			"uniqueId": 10840,
			"type": "Mesh",
			"position": [
				5.743416786193848,
				-0.263835608959198,
				39.82841873168945
			],
			"rotationQuaternion": [
				-0.5,
				0.5,
				0.4999999999999999,
				0.5000000000000001
			],
			"scaling": [
				20,
				20,
				15
			],
			"pivotMatrix": {
				"0": 1,
				"1": 0,
				"2": 0,
				"3": 0,
				"4": 0,
				"5": 1,
				"6": 0,
				"7": 0,
				"8": 0,
				"9": 0,
				"10": 1,
				"11": 0,
				"12": 0,
				"13": 0,
				"14": 0,
				"15": 1
			},
			"isEnabled": true,
			"isVisible": true,
			"infiniteDistance": false,
			"pickable": true,
			"receiveShadows": false,
			"billboardMode": 0,
			"visibility": 1,
			"checkCollisions": false,
			"isBlocker": false,
			"overrideMaterialSideOrientation": 0,
			"isUnIndexed": false,
			"geometryId": "43bcb383-a95c-4f10-aacc-f00462a2ffa2",
			"subMeshes": null,
			"materialId": "default material",
			"metadata": {
				"gltf": {
					"pointers": [
						"/meshes/0/primitives/0",
						"/nodes/4"
					]
				},
				"basePoseMatrix": {
					"0": -0.06333573907613754,
					"1": -0.9979921579360962,
					"2": -9.525938926557842e-10,
					"3": 0,
					"4": 9.525937816334817e-10,
					"5": -6.045472455973311e-11,
					"6": 1,
					"7": 0,
					"8": 0.9979921579360962,
					"9": -0.06333573907613754,
					"10": -6.045473149862701e-11,
					"11": 0,
					"12": 0,
					"13": 0,
					"14": 0,
					"15": 1
				},
				"originalSourceFile": {
					"id": "Line148_med_diffuse_0",
					"name": "Line148_med_diffuse_0",
					"sceneFileName": "models/stones_pavement.glb"
				},
				"isPickable": true,
				"script": {
					"name": "None"
				},
				"renderingGroupId": 0,
				"doNotExport": false,
				"_waitingParentId": null
			},
			"instances": [],
			"animations": [],
			"ranges": [],
			"layerMask": 268435455,
			"alphaIndex": 1.7976931348623157e+308,
			"hasVertexAlpha": false,
			"overlayAlpha": 0.3,
			"overlayColor": [
				1,
				0,
				0
			],
			"applyFog": true,
			"parentId": null,
			"delayLoadingFile": "geometries/43bcb383-a95c-4f10-aacc-f00462a2ffa2.babylonbinarymeshdata",
			"boundingBoxMaximum": [
				1.1490697860717773,
				0.41508790850639343,
				0.009999999776482582
			],
			"boundingBoxMinimum": [
				-1.1350390911102295,
				-0.34579288959503174,
				-0.009999999776482582
			],
			"_binaryInfo": {
				"positionsAttrDesc": {
					"count": 192,
					"stride": 3,
					"offset": 0,
					"dataType": 1
				},
				"normalsAttrDesc": {
					"count": 192,
					"stride": 3,
					"offset": 768,
					"dataType": 1
				},
				"uvsAttrDesc": {
					"count": 128,
					"stride": 2,
					"offset": 1536,
					"dataType": 1
				},
				"indicesAttrDesc": {
					"count": 108,
					"stride": 1,
					"offset": 2048,
					"dataType": 0
				},
				"subMeshesAttrDesc": {
					"count": 1,
					"stride": 5,
					"offset": 2480,
					"dataType": 0
				}
			},
			"positions": null,
			"normals": null,
			"uvs": null,
			"hasUVs": true,
			"indices": null
		}
	],
	"multiMaterials": [],
	"lods": []
}