{
	"materials": [],
	"meshes": [
		{
			"name": "sakura_crown1",
			"id": "31bb7f1f-8441-491e-8bb6-49aa5cd1fd59",
			"uniqueId": 9853,
			"type": "Mesh",
			"position": [
				1.0262603759765625,
				0.5172173976898193,
				5.179561138153076
			],
			"rotationQuaternion": [
				0,
				0,
				0,
				1
			],
			"scaling": [
				3,
				3,
				3
			],
			"pivotMatrix": {
				"0": 1,
				"1": 0,
				"2": 0,
				"3": 0,
				"4": 0,
				"5": 1,
				"6": 0,
				"7": 0,
				"8": 0,
				"9": 0,
				"10": 1,
				"11": 0,
				"12": 0,
				"13": 0,
				"14": 0,
				"15": 1
			},
			"isEnabled": true,
			"isVisible": true,
			"infiniteDistance": false,
			"pickable": true,
			"receiveShadows": false,
			"billboardMode": 0,
			"visibility": 1,
			"checkCollisions": false,
			"isBlocker": false,
			"overrideMaterialSideOrientation": 0,
			"parentId": "ba575e6d-4c9b-4a64-8a4d-deadc0505775",
			"isUnIndexed": false,
			"geometryId": "e1da8786-9270-4727-82ea-7a8414fdf873",
			"subMeshes": null,
			"materialId": "76447bea-32a7-482c-a072-3497bc233b10",
			"metadata": {
				"gltf": {
					"pointers": [
						"/meshes/1/primitives/0",
						"/nodes/1"
					]
				},
				"basePoseMatrix": {
					"0": -1,
					"1": 0,
					"2": 0,
					"3": 0,
					"4": 0,
					"5": -1.343588280633412e-7,
					"6": -0.9999998807907104,
					"7": 0,
					"8": 0,
					"9": 0.9999998807907104,
					"10": -1.343588280633412e-7,
					"11": 0,
					"12": 0,
					"13": 2.0481697049490322e-7,
					"14": 1.5244026184082031,
					"15": 1
				},
				"originalSourceFile": {
					"id": "Icosphere_0",
					"name": "Icosphere_0",
					"sceneFileName": "models/sakura/tree__please.glb"
				},
				"isPickable": true,
				"script": {
					"name": "None"
				},
				"renderingGroupId": 0,
				"doNotExport": false
			},
			"instances": [],
			"animations": [],
			"ranges": [],
			"layerMask": 268435455,
			"alphaIndex": 1.7976931348623157e+308,
			"hasVertexAlpha": false,
			"overlayAlpha": 0.3,
			"overlayColor": [
				1,
				0,
				0
			],
			"applyFog": true,
			"delayLoadingFile": "geometries/e1da8786-9270-4727-82ea-7a8414fdf873.babylonbinarymeshdata",
			"boundingBoxMaximum": [
				1.0786199569702148,
				1.091670036315918,
				0.2818799912929535
			],
			"boundingBoxMinimum": [
				-1.0730199813842773,
				-0.9967399835586548,
				-0.9069799780845642
			],
			"_binaryInfo": {
				"positionsAttrDesc": {
					"count": 1782,
					"stride": 3,
					"offset": 0,
					"dataType": 1
				},
				"normalsAttrDesc": {
					"count": 1782,
					"stride": 3,
					"offset": 7128,
					"dataType": 1
				},
				"indicesAttrDesc": {
					"count": 690,
					"stride": 1,
					"offset": 14256,
					"dataType": 0
				},
				"subMeshesAttrDesc": {
					"count": 1,
					"stride": 5,
					"offset": 17016,
					"dataType": 0
				}
			},
			"positions": null,
			"normals": null,
			"indices": null
		}
	],
	"multiMaterials": [],
	"lods": []
}