{
	"materials": [],
	"meshes": [
		{
			"name": "target_github",
			"id": "a408f14a-a4a1-4ad7-a2c7-d9557e97bc0a",
			"uniqueId": 8497,
			"type": "Mesh",
			"position": [
				69.16592407226562,
				9.104474067687988,
				31.837846755981445
			],
			"rotationQuaternion": [
				0.5,
				-0.5,
				0.4999999999999999,
				0.5000000000000001
			],
			"scaling": [
				2,
				2,
				2
			],
			"localMatrix": {
				"0": 1,
				"1": 0,
				"2": 0,
				"3": 0,
				"4": 0,
				"5": 1,
				"6": 0,
				"7": 0,
				"8": 0,
				"9": 0,
				"10": 1,
				"11": 0,
				"12": 0,
				"13": 0,
				"14": 0,
				"15": 1
			},
			"isEnabled": true,
			"isVisible": true,
			"infiniteDistance": false,
			"pickable": true,
			"receiveShadows": false,
			"billboardMode": 0,
			"visibility": 1,
			"checkCollisions": true,
			"isBlocker": false,
			"overrideMaterialSideOrientation": 0,
			"isUnIndexed": false,
			"geometryId": "6c83f967-151f-4e05-9c55-80ca3f4ae9b5",
			"subMeshes": null,
			"materialId": "7de93d56-79d5-4c0e-b39f-8feea3fc5034",
			"physicsMass": 1,
			"physicsFriction": 0.2,
			"physicsRestitution": 0.2,
			"physicsImpostor": 0,
			"metadata": {
				"gltf": {
					"pointers": [
						"/meshes/3/primitives/0",
						"/nodes/10"
					]
				},
				"basePoseMatrix": {
					"0": -1,
					"1": 0,
					"2": 0,
					"3": 0,
					"4": 0,
					"5": 0.06538772583007812,
					"6": -0.9978598952293396,
					"7": 0,
					"8": 0,
					"9": 0.9978598952293396,
					"10": 0.06538772583007812,
					"11": 0,
					"12": 0,
					"13": -0.5579049587249756,
					"14": 3.604867696762085,
					"15": 1
				},
				"originalSourceFile": {
					"id": "Object_10",
					"name": "Object_10",
					"sceneFileName": "models/target/target_version_2.glb"
				},
				"isPickable": true,
				"script": {
					"name": "None"
				},
				"renderingGroupId": 0,
				"doNotExport": false,
				"_waitingParentId": null
			},
			"instances": [],
			"animations": [],
			"ranges": [],
			"layerMask": 268435455,
			"alphaIndex": 1.7976931348623157e+308,
			"hasVertexAlpha": false,
			"overlayAlpha": 0.3,
			"overlayColor": [
				1,
				0,
				0
			],
			"applyFog": true,
			"parentId": null,
			"delayLoadingFile": "geometries/6c83f967-151f-4e05-9c55-80ca3f4ae9b5.babylonbinarymeshdata",
			"boundingBoxMaximum": [
				1.8445727825164795,
				0.4597330689430237,
				1.8800582885742188
			],
			"boundingBoxMinimum": [
				-1.929679036140442,
				-0.45688682794570923,
				-1.9934173822402954
			],
			"_binaryInfo": {
				"positionsAttrDesc": {
					"count": 228,
					"stride": 3,
					"offset": 0,
					"dataType": 1
				},
				"normalsAttrDesc": {
					"count": 228,
					"stride": 3,
					"offset": 912,
					"dataType": 1
				},
				"uvsAttrDesc": {
					"count": 152,
					"stride": 2,
					"offset": 1824,
					"dataType": 1
				},
				"tangetsAttrDesc": {
					"count": 304,
					"stride": 3,
					"offset": 2432,
					"dataType": 1
				},
				"indicesAttrDesc": {
					"count": 216,
					"stride": 1,
					"offset": 3648,
					"dataType": 0
				},
				"subMeshesAttrDesc": {
					"count": 1,
					"stride": 5,
					"offset": 4512,
					"dataType": 0
				}
			},
			"positions": null,
			"normals": null,
			"uvs": null,
			"hasUVs": true,
			"tangents": null,
			"indices": null
		}
	],
	"multiMaterials": [],
	"lods": []
}